,date,avg_daily_pnl,total_daily_volume,avg_daily_leverage,unique_accounts,num_trades,buy_ratio,classification,value
0,2023-12-14,-34.23912283333335,76736.39,85.40185333333334,1,6,0.3333333333333333,Greed,72.0
1,2023-12-15,-12.316016999999999,10609.95,2440.0,1,2,1.0,Greed,70.0
2,2023-12-17,27.725707727272724,65965.81,12584.894927272726,1,11,0.0,Greed,73.0
3,2023-12-19,100.0538612,61883.49,27271.45846,1,10,0.0,Greed,73.0
4,2023-12-20,20.34153525,70899.75,22777.6,1,8,0.0,Greed,74.0
5,2023-12-21,19.896718592592592,62885.57,140.89592592592592,1,27,0.0,Greed,70.0
6,2023-12-22,70.9163375,29678.96,0.6471199999999999,1,2,0.0,Greed,74.0
7,2023-12-23,18.367088,54121.63,32671.95,1,8,0.0,Greed,70.0
8,2023-12-24,59.330585647058825,201977.83000000002,30990.427572941175,1,17,0.17647058823529413,Greed,71.0
9,2023-12-25,-245.081348,29851.65,13.1906,1,1,0.0,Greed,73.0
10,2023-12-27,-54.222248230769225,85353.04000000001,51134.53846153846,1,13,0.0,Greed,73.0
11,2023-12-28,-74.67160584615384,49573.24,35807.769230769234,1,13,0.0,Greed,73.0
12,2023-12-29,25.446107149999996,260094.44,774.2927834999999,1,20,0.35,Greed,65.0
13,2023-12-30,10.757534787878788,376806.2,6670.016131515153,1,33,0.2727272727272727,Greed,68.0
14,2024-01-01,-21.58857666666667,131773.19,704.09227,1,6,0.16666666666666666,Greed,65.0
15,2024-01-02,87.10879066666666,60282.32000000001,65779.79749222222,1,9,1.0,Greed,71.0
16,2024-01-03,24.7433002,197682.46,2460.625862857143,1,35,0.0,Greed,70.0
17,2024-01-04,-22.534546666666667,49862.47,22.2721,1,3,0.0,Greed,68.0
18,2024-01-05,7.136589782608696,852142.31,7.1764213043478255,1,23,0.2608695652173913,Greed,72.0
19,2024-01-06,11.298472000000002,149457.71,1086.3680699999998,1,12,0.16666666666666666,Greed,70.0
20,2024-01-07,-22.585979324324324,450784.62,7008.138714324324,1,37,0.13513513513513514,Greed,71.0
21,2024-01-08,-4.027976701492538,833741.07,3207.5533710447758,1,67,0.19402985074626866,Greed,71.0
22,2024-01-09,-29.512495107142858,385065.17,5278.295337857143,1,28,0.10714285714285714,Extreme Greed,76.0
23,2024-01-10,-18.278208939759036,1080072.8,3351.2093178313253,1,83,0.43373493975903615,Greed,73.0
24,2024-01-11,-18.232166777777778,129207.69,137.61482888888887,1,9,0.5555555555555556,Extreme Greed,76.0
25,2024-01-12,-962.759512,98078.63,1.0698349999999999,1,2,0.0,Greed,71.0
26,2024-01-15,16.983731111111112,629.86,0.23142222222222225,1,9,0.0,Neutral,52.0
27,2024-01-16,-459.8342916,95840.25,308.329632,2,5,0.0,Greed,64.0
28,2024-01-17,42.80390057894737,400854.83,186.45871368421052,1,19,0.5789473684210527,Greed,60.0
29,2024-01-18,7.6592433333333325,199610.48,24.68155,1,9,0.3333333333333333,Greed,63.0
30,2024-01-19,-14.82250903846154,225637.81,12.813065769230771,2,26,0.5,Neutral,51.0
31,2024-01-20,-4.580464687500001,505258.83999999997,2481.2874403125,1,32,0.46875,Neutral,52.0
32,2024-01-21,53.31622920000001,3130.1,21601.739999999998,1,5,0.4,Greed,56.0
33,2024-01-22,33.552218512195125,132543.34,5933.989661463415,2,41,0.5121951219512195,Greed,55.0
34,2024-01-23,-18.46223649999999,201970.69,6425.801703499999,1,20,0.65,Neutral,50.0
35,2024-01-24,-70.208845375,562612.83,231.292776,1,40,0.325,Neutral,48.0
36,2024-01-25,-515.6048975,66566.13,432.0683333333333,1,6,0.0,Neutral,52.0
37,2024-01-26,90.2,4673.0,20000.0,1,1,0.0,Neutral,49.0
38,2024-01-28,-225.27906545454545,18109.03,703.7363636363636,1,11,0.0,Neutral,54.0
39,2024-01-29,10.812500933333334,206933.4,10147.124093555556,2,45,0.2222222222222222,Greed,55.0
40,2024-01-30,-9.139694263157896,200994.94,6.032266315789474,1,19,0.7368421052631579,Greed,61.0
41,2024-01-31,-1.7309378741418764,3124421.61,10.737450709382152,1,437,0.5720823798627003,Greed,60.0
42,2024-02-02,21.734451095238096,238330.11,7068.791083809523,1,21,0.2857142857142857,Greed,63.0
43,2024-02-03,18.609098916666664,200879.81,8.546231666666666,1,12,0.5,Greed,60.0
44,2024-02-04,1.7008533928571425,202187.55,17.252257857142858,1,28,0.42857142857142855,Greed,60.0
45,2024-02-05,-1.045443562500001,385192.73,819.62077125,1,32,0.28125,Greed,60.0
46,2024-02-06,-0.633637111984283,3822675.82,88808.27391249509,1,509,0.48526522593320237,Greed,64.0
47,2024-02-07,120.62106,1758.75,180.2,1,2,1.0,Greed,62.0
48,2024-02-08,192.689006,13051.52,1406176.125,1,4,0.25,Greed,66.0
49,2024-02-11,140.4918822857143,11101.050000000001,167.04706428571427,1,7,0.5714285714285714,Greed,71.0
50,2024-02-12,60.925452466666655,217247.8,46.11767866666666,1,15,0.7333333333333333,Greed,70.0
51,2024-02-13,39.960277857142856,1999.99,63481.57142857143,1,14,0.0,Extreme Greed,79.0
52,2024-02-14,45.60237896428572,112259.96,6438.811904761904,2,84,0.2619047619047619,Greed,74.0
53,2024-02-15,30.679961283333334,146456.72,3586.5888013333333,2,60,0.8666666666666667,Greed,72.0
54,2024-02-16,37.61485502739726,231033.08,190709.90958904114,1,146,0.684931506849315,Greed,72.0
55,2024-02-17,29.686796923076926,254045.03,8007.2326223076925,2,65,0.35384615384615387,Extreme Greed,76.0
56,2024-02-18,7.023894558823528,78292.06,29664.006029411765,1,68,0.17647058823529413,Greed,72.0
57,2024-02-19,54.17010721794872,143931.01,16188.81282589743,2,78,0.3974358974358974,Extreme Greed,75.0
58,2024-02-20,101.98840075,61558.26,5059.8343815625,2,32,0.25,Greed,72.0
59,2024-02-21,123.91990466666668,49950.35,20847.10066666666,1,15,0.0,Extreme Greed,78.0
60,2024-02-22,43.985052884615385,164875.73,10119.053850192306,1,52,0.0,Greed,74.0
61,2024-02-23,10.279369057971016,55112.47,9070.421740652175,1,138,0.9347826086956522,Extreme Greed,76.0
62,2024-02-25,-15.38525,2255.4500000000003,2688.5,1,2,1.0,Greed,74.0
63,2024-02-26,129.90727352941178,94129.97,8382.926470588236,1,34,0.7647058823529411,Greed,72.0
64,2024-02-27,17.77023466,105228.06,6344.234399999999,2,50,0.6,Extreme Greed,79.0
65,2024-02-28,64.19864705128205,85496.98,904504.0384615385,1,39,0.7435897435897436,Extreme Greed,82.0
66,2024-02-29,91.13312294949495,191221.13,136451.43121212118,2,99,0.5757575757575758,Extreme Greed,80.0
67,2024-03-01,64.4081360078125,239133.96,403003.35703125,1,128,0.2265625,Extreme Greed,80.0
68,2024-03-02,8.246450000000001,32263.39,27765.89285714286,2,28,0.9642857142857143,Extreme Greed,80.0
69,2024-03-03,154.83493046296297,196228.73,1702150.0564814815,1,54,0.2777777777777778,Extreme Greed,83.0
70,2024-03-04,102.96213237777778,786208.12,627081.7480747778,2,270,0.5222222222222223,Extreme Greed,82.0
71,2024-03-05,121.41733767484664,427738.58999999997,1213140.8226993864,1,163,0.26380368098159507,Extreme Greed,90.0
72,2024-03-06,94.65034915277778,164239.19,168077.96527777778,1,72,0.6388888888888888,Extreme Greed,75.0
73,2024-03-08,72.40485145762712,93193.27,83955.5033898305,1,59,0.2542372881355932,Extreme Greed,81.0
74,2024-03-09,92.98599648598132,325619.12,933303.4279439253,1,107,0.7663551401869159,Extreme Greed,84.0
75,2024-03-10,65.34018947368422,108745.45,2675.4907894736843,1,38,1.0,Extreme Greed,79.0
76,2024-03-11,92.00460243589744,88033.35,23774.928205128203,1,39,0.28205128205128205,Extreme Greed,82.0
77,2024-03-12,434.16657142857144,53040.009999999995,2575.2571428571428,1,7,0.0,Extreme Greed,81.0
78,2024-03-14,216.6166145,107699.86,68338.8257875,2,16,0.0,Extreme Greed,88.0
79,2024-03-15,152.11008904878048,169419.4,1116849.0195268295,3,41,0.34146341463414637,Extreme Greed,83.0
80,2024-03-16,228.57984,6223.28,1.6535,1,1,0.0,Extreme Greed,81.0
81,2024-03-17,50.3293955,56680.36,26.176140000000004,2,10,0.6,Extreme Greed,79.0
82,2024-03-18,242.82628333333332,31457.649999999998,4866.95,2,6,0.0,Extreme Greed,77.0
83,2024-03-19,95.54256757142856,99900.65999999999,56177.78571428572,2,7,0.7142857142857143,Extreme Greed,79.0
84,2024-03-20,107.05224331666666,115955.46,18045.792260000002,2,60,0.36666666666666664,Greed,74.0
85,2024-03-21,101.54382934782608,53146.26,27192.08695652174,2,23,0.9565217391304348,Extreme Greed,78.0
86,2024-03-24,86.46789846666667,45647.57,2525.6533333333327,1,15,1.0,Greed,74.0
87,2024-03-25,217.152738,54116.47,11.207833333333333,1,6,0.0,Extreme Greed,75.0
88,2024-03-26,29.235514481818182,94867.11,4030.7013809090918,2,110,0.00909090909090909,Extreme Greed,81.0
89,2024-03-27,7.916375789473683,42470.81,848.4791621052632,2,19,0.3684210526315789,Extreme Greed,83.0
90,2024-03-28,25.316778666666664,7540.98,117652.44444444444,1,9,1.0,Extreme Greed,80.0
91,2024-03-29,147.18290066666665,53912.9,7.408066666666667,1,6,0.0,Extreme Greed,79.0
92,2024-03-30,25.01307136363636,51102.26,152212.22727272726,1,44,0.0,Extreme Greed,75.0
93,2024-03-31,91.2786145,30914.19,4.835939999999999,1,10,0.0,Extreme Greed,75.0
94,2024-04-01,58.717018714285715,84081.96,808310.4787261905,2,42,0.07142857142857142,Extreme Greed,79.0
95,2024-04-02,73.64673433333333,134674.12,15.253291666666668,1,12,0.25,Extreme Greed,79.0
96,2024-04-03,126.7884,3507.35,738.0,1,1,0.0,Greed,71.0
97,2024-04-05,118.96093673333334,335794.58999999997,12729.239348888888,3,90,0.07777777777777778,Extreme Greed,79.0
98,2024-04-06,59.083783499999996,18234.120000000003,4.375825,1,4,0.0,Extreme Greed,75.0
99,2024-04-08,1218.4267,23777.92,5723.0,1,1,1.0,Extreme Greed,76.0
100,2024-04-10,144.65120594444446,327737.64999999997,58.703124999999986,1,36,0.9722222222222222,Extreme Greed,78.0
101,2024-04-11,194.871582,24393.64,5.62615,1,2,0.0,Extreme Greed,76.0
102,2024-04-12,-5.867780584158417,162372.44,1071768.0762376238,2,101,0.1485148514851485,Extreme Greed,79.0
103,2024-04-13,108.5483894262295,165060.81,297145.9819672131,1,61,0.36065573770491804,Greed,72.0
104,2024-04-14,-487.8920610810811,368513.22,1972.9758297297296,2,74,0.2702702702702703,Greed,72.0
105,2024-04-15,107.83110628571428,121097.51,22802.657142857144,1,35,0.37142857142857144,Greed,74.0
106,2024-04-16,57.38842374418605,90135.48,28046.25581395349,1,43,0.6976744186046512,Greed,65.0
107,2024-04-17,187.8052615384615,47560.770000000004,7426.4769230769225,1,13,1.0,Greed,67.0
108,2024-04-19,72.09057266666667,301255.07,39.19571481481481,1,27,0.0,Greed,66.0
109,2024-04-23,31.052368411764707,136397.22,2947.873329411765,2,34,0.5,Greed,71.0
110,2024-04-24,39.883700999999995,48275.33,5.659242857142858,1,7,0.0,Greed,72.0
111,2024-04-27,225.34148100000002,136261.81,24.474321052631577,1,19,0.0,Greed,67.0
112,2024-04-29,30.996107999999996,59471.380000000005,10.241082352941177,1,17,1.0,Greed,67.0
113,2024-05-03,279.264055,247543.41999999998,44.303294736842105,2,19,0.10526315789473684,Neutral,48.0
114,2024-05-05,0.916,40.69,4.0,1,1,1.0,Greed,69.0
115,2024-05-06,242.147595,134018.34,25.729575,1,4,1.0,Greed,71.0
116,2024-05-07,98.17085477777778,67672.83,96904.77615555556,2,9,0.5555555555555556,Greed,68.0
117,2024-05-08,0.78288,89.53,56.0,1,2,0.5,Greed,64.0
118,2024-05-09,104.32689599999999,135983.79,16.04500909090909,1,11,0.0,Greed,55.0
119,2024-05-10,350.29028250000005,60893.869999999995,8.524983333333333,1,6,1.0,Greed,66.0
120,2024-05-11,27.956082444444444,63248.95,9.522166666666669,1,9,0.0,Neutral,53.0
121,2024-05-13,213.68538589999997,86146.39,8.02432,1,10,0.0,Greed,57.0
122,2024-05-14,287.63082625000004,61842.23,16.632625,1,4,1.0,Greed,66.0
123,2024-05-15,55.821798941176475,144916.45,13.1581,1,17,0.11764705882352941,Greed,64.0
124,2024-05-16,42.91796,62783.14,14.684120000000002,1,5,1.0,Greed,70.0
125,2024-05-18,220.14966631250002,96305.06,8.97605,1,16,0.4375,Greed,73.0
126,2024-05-20,-24.939480666666668,5121.35,488.7133333333333,1,3,0.0,Greed,70.0
127,2024-05-21,291.57590287999994,382045.7,6.7467404,2,25,0.44,Extreme Greed,76.0
128,2024-05-23,2.657537767741936,178417.93,274278.74049032264,1,155,0.8193548387096774,Extreme Greed,76.0
129,2024-05-24,410.974639,50811.899999999994,8.50055,1,2,0.0,Greed,74.0
130,2024-05-25,2.8252078,2484.91,2425.96,1,5,1.0,Extreme Greed,76.0
131,2024-05-26,194.670975,26275.27,118.855575,2,4,0.5,Extreme Greed,75.0
132,2024-05-27,12.143611505376345,76102.26,71355.30032580646,1,93,1.0,Greed,74.0
133,2024-05-29,3.912562718309859,26337.69,427.4186352112676,1,71,0.8309859154929577,Greed,72.0
134,2024-05-30,4.1902866,1783.32,111.021558,1,5,1.0,Greed,73.0
135,2024-05-31,6.33953,1805.3799999999999,10873.55,1,4,1.0,Greed,73.0
136,2024-06-01,10.167824333333334,6371.530000000001,65507.022222222215,1,9,1.0,Greed,72.0
137,2024-06-02,5.6737337352941175,10703.07,6047.717647058824,1,34,1.0,Greed,73.0
138,2024-06-03,12.791095636363638,14384.74,4705.031818181818,1,44,1.0,Greed,73.0
139,2024-06-04,2.08845752,12095.619999999999,442.9679636,1,25,1.0,Greed,73.0
140,2024-06-05,3.297382705882353,12647.34,317.48864470588234,1,17,1.0,Extreme Greed,75.0
141,2024-06-06,2.6879724215686274,68642.33,6174.799039215688,1,102,0.9901960784313726,Extreme Greed,78.0
142,2024-06-07,50.013861887640445,728060.25,8558.152924438204,2,178,0.6348314606741573,Extreme Greed,77.0
143,2024-06-08,16.142354875000002,27903.85,337.558875,1,8,0.0,Greed,72.0
144,2024-06-10,1.737044722222222,11278.16,943.7166666666667,1,18,1.0,Greed,72.0
145,2024-06-11,254.1548124117647,34444.41,11906.70736117647,2,17,0.47058823529411764,Greed,74.0
146,2024-06-12,-280.5965576025641,106886.71,8379.555848333335,1,78,1.0,Greed,72.0
147,2024-06-13,331.63785575,80049.19,13888.292730000001,2,20,0.85,Greed,70.0
148,2024-06-14,683.9061739333333,41879.7,6440.88,1,15,1.0,Greed,74.0
149,2024-06-15,88.68311436842104,535380.57,69.13940789473685,2,38,0.0,Greed,74.0
150,2024-06-17,407.67316826923076,209355.04,10301.4316,2,26,0.8461538461538461,Greed,71.0
151,2024-06-18,70.64409,25299.510000000002,4.5327,1,4,0.0,Greed,74.0
152,2024-06-19,157.6663530322581,367911.97,199.5971064516129,2,31,0.0,Greed,64.0
153,2024-06-21,257.85273466666666,29223.769999999997,6.496666666666667,1,3,1.0,Greed,63.0
154,2024-06-22,94.609570625,75799.25,9.715575000000001,1,8,0.0,Neutral,53.0
155,2024-06-25,442.6684640909091,52649.76,9771.972727272727,1,11,1.0,Fear,30.0
156,2024-06-26,199.89200866666664,319197.26,46.24993809523809,1,21,0.0,Neutral,46.0
157,2024-06-29,256.263589375,247190.91,5179.042741666667,2,24,0.9583333333333334,Fear,30.0
158,2024-07-01,252.9010253,278055.6,23.318,2,20,0.0,Neutral,53.0
159,2024-07-02,299.8816395,32575.969999999998,8780.400000000001,1,8,1.0,Neutral,51.0
160,2024-07-03,279.596821,28882.899999999998,5.5619499999999995,1,4,1.0,Neutral,50.0
161,2024-07-10,351.38263715151515,611913.77,97.46734242424242,1,33,0.0,Fear,28.0
162,2024-07-11,208.53467577777778,85881.14,14.211133333333333,1,9,0.0,Fear,29.0
163,2024-07-12,156.92385044444444,13576.32,4466.522222222222,1,9,1.0,Fear,25.0
164,2024-07-13,206.06456723076923,138690.01,21.4961,1,13,0.0,Fear,25.0
165,2024-07-15,-0.5,15176.0,68.98,1,2,1.0,Neutral,52.0
166,2024-07-17,11.995286948387097,214452.88,25454.367096774196,1,155,1.0,Greed,69.0
167,2024-07-18,79.2475898125,565707.72,900.8861041666665,2,48,1.0,Greed,61.0
168,2024-07-19,179.65759283333333,87152.69,14.449695833333331,2,12,0.0,Greed,60.0
169,2024-07-20,63.865821277777776,89463.46,3789.496275,2,36,1.0,Greed,74.0
170,2024-07-21,-12.545410538135593,84972.51,22385.71483050847,1,236,1.0,Greed,74.0
171,2024-07-22,10.698530228571428,159067.97,18231.43211047619,2,105,0.9238095238095239,Greed,70.0
172,2024-07-23,246.95137968681317,331532.55,42149.613186813185,2,364,0.3708791208791209,Greed,71.0
173,2024-07-24,34.753415499999996,24136.02,2145.8,1,18,1.0,Greed,69.0
174,2024-07-25,91.673826,9073.93,2775.62,1,10,1.0,Greed,68.0
175,2024-07-26,45.35267398360656,322855.83999999997,8111.296840983607,2,61,0.5245901639344263,Greed,68.0
176,2024-07-27,152.39580133333334,788749.6799999999,147.66752142857143,1,42,0.0,Greed,72.0
177,2024-07-28,48.941585833333335,8756.13,2267.4666666666667,1,12,1.0,Greed,71.0
178,2024-07-29,20.675278374999998,162137.14,609.773474375,2,16,0.1875,Greed,74.0
179,2024-07-31,54.692206,24543.89,7227.949999999998,1,14,1.0,Greed,61.0
180,2024-08-01,23.868573857142856,11995.66,909.9964385714287,1,7,0.14285714285714285,Neutral,52.0
181,2024-08-02,46.02165829411764,60322.34,2.305248823529412,2,17,0.0,Greed,57.0
182,2024-08-03,464.1897,4534.09,30.75,1,1,1.0,Fear,37.0
183,2024-08-04,-1887.2615520461538,876375.02,100.24031876923075,3,65,0.0,Fear,34.0
184,2024-08-05,-1010.1088236923077,176293.42,23.55282153846154,3,13,0.07692307692307693,Fear,26.0
185,2024-08-09,311.7598495862069,450260.37,2748.675339482759,3,58,0.43103448275862066,Neutral,48.0
186,2024-08-11,211.94415500000002,20840.300000000003,5.5425,1,4,0.0,Fear,39.0
187,2024-08-12,143.11175,19140.88,2.694366666666667,1,6,1.0,Fear,25.0
188,2024-08-13,26.5101275,7287.15,3614.8,1,8,1.0,Fear,31.0
189,2024-08-14,433.7803026,39668.42,6.364240000000001,1,5,0.0,Fear,30.0
190,2024-08-16,275.076848,75832.35,0.7985733333333332,1,3,0.0,Fear,27.0
191,2024-08-18,25.600157333333332,37805.14,10.493558333333333,1,12,0.0,Fear,31.0
192,2024-08-19,67.93991659999999,50327.34,0.423452,1,5,0.0,Fear,28.0
193,2024-08-20,192.602844,4913.04,14.0532,1,1,1.0,Fear,30.0
194,2024-08-21,12.151868981481481,54915.35,1402.9561111111109,1,54,1.0,Fear,26.0
195,2024-08-23,335.10175666666663,26010.45,9.273200000000001,1,3,0.0,Fear,34.0
196,2024-08-26,115.618459,67264.19,19.23685,1,2,1.0,Greed,55.0
197,2024-08-28,666.6798225,23665.510000000002,0.29524,1,2,1.0,Fear,30.0
198,2024-08-30,256.464,9739.38,0.1644,1,1,1.0,Fear,34.0
199,2024-08-31,1.936175,995.87,0.10322500000000001,1,2,1.0,Fear,29.0
200,2024-09-01,27.486618600000003,7862.46,2017.904,1,5,0.8,Fear,26.0
201,2024-09-04,133.2231415,94450.69,7.1319212499999995,1,8,0.625,Fear,27.0
202,2024-09-10,-109.8648295,1780.54,0.69665,1,2,0.0,Fear,33.0
203,2024-09-20,1065.003808888889,284571.81,87.53803111111111,1,9,0.0,Neutral,54.0
204,2024-09-21,1572.416057826087,165648.12,24296.09565217392,1,23,0.0,Neutral,54.0
205,2024-09-23,334.760796,30334.3,0.47646,1,1,0.0,Neutral,50.0
206,2024-09-26,219.9062565,60440.89000000001,0.47626999999999997,1,2,0.0,Neutral,50.0
207,2024-09-30,542.1252575999999,117281.06,0.9011520000000001,1,5,1.0,Greed,61.0
208,2024-10-03,33.458594,6513.53,1023.96,1,3,0.0,Fear,37.0
209,2024-10-05,240.29841216666668,505604.96,3.246245416666667,1,24,0.041666666666666664,Neutral,49.0
210,2024-10-06,26.0974158,60132.09,0.75722,1,5,0.0,Neutral,50.0
211,2024-10-08,163.5317163030303,414585.14,4.520524848484849,1,33,1.0,Neutral,49.0
212,2024-10-09,132.02090666666666,60396.659999999996,0.5948133333333333,1,3,0.0,Neutral,49.0
213,2024-10-11,493.6293042777778,428910.68,3.579175555555556,1,18,0.0,Fear,32.0
214,2024-10-12,77.36495857142857,109716.35,0.5930257142857143,1,7,0.8571428571428571,Neutral,49.0
215,2024-10-14,382.72391600000003,61916.020000000004,0.489938,1,5,0.0,Neutral,48.0
216,2024-10-15,292.55651900000004,41171.79,0.377,1,4,0.0,Greed,65.0
217,2024-10-16,73.160292,40224.32,0.25400666666666666,1,3,0.0,Greed,73.0
218,2024-10-17,18.05748,20035.36,0.1477,1,2,0.0,Greed,71.0
219,2024-10-18,66.6438282,110331.02,0.841804,1,5,0.0,Greed,73.0
220,2024-10-20,35.37779972727273,124528.3,4397.74767,2,11,0.5454545454545454,Greed,73.0
221,2024-10-21,36.24875829411764,98293.43,14881.079411764706,1,68,1.0,Greed,72.0
222,2024-10-23,-15.496647000000001,69974.15,20.277533333333334,1,3,0.0,Greed,71.0
223,2024-10-25,630.2791462380952,337880.19,9639.099672380955,2,21,0.23809523809523808,Greed,72.0
224,2024-10-26,7078.6656883333335,88668.86,13628.766666666668,1,6,1.0,,
225,2024-10-27,222.22076933333332,60665.02,0.8440466666666667,1,3,0.0,Greed,74.0
226,2024-10-28,1.2563,500.98,0.00739,1,1,0.0,Greed,72.0
227,2024-10-29,267.0569586666667,1697.55,1530.1000000000001,1,3,1.0,Greed,72.0
228,2024-10-30,1.143752875,3891.9700000000003,5909.925,1,8,1.0,Extreme Greed,77.0
229,2024-10-31,32.81199489189189,815278.02,325.17070054054057,3,37,0.918918918918919,Extreme Greed,77.0
230,2024-11-01,104.0475736,116016.8,11783.398108,2,10,0.0,Extreme Greed,75.0
231,2024-11-04,121.71349886956521,291843.23,29568.907968260868,2,23,0.0,Greed,70.0
232,2024-11-05,135.6951856,150636.75,1.221216,1,5,0.0,Greed,70.0
233,2024-11-06,313.0930255555556,63362.340000000004,1168.4328166666664,2,9,0.0,Greed,70.0
234,2024-11-07,94.36875299999998,46314.869999999995,28211.28344833333,2,12,0.0,Extreme Greed,77.0
235,2024-11-08,-4.025846312500004,135317.99,1222.0275431250002,2,16,0.0,Extreme Greed,75.0
236,2024-11-09,2.3388395454545456,17837.29,27976.472727272718,1,44,1.0,Extreme Greed,75.0
237,2024-11-10,19.433614392156862,198711.46,1477.4926119607844,2,51,0.8823529411764706,Extreme Greed,78.0
238,2024-11-11,70.30865620833333,415309.23,93087.51591656251,3,96,0.8645833333333334,Extreme Greed,76.0
239,2024-11-12,83.19998557142857,430587.23,13017.475229761902,2,42,0.7142857142857143,Extreme Greed,80.0
240,2024-11-13,245.2000710625,444140.75,2193.776020625,4,32,0.0625,Extreme Greed,84.0
241,2024-11-14,162.98247232142856,506461.42,680811.5104296429,2,28,0.0,Extreme Greed,88.0
242,2024-11-15,75.28618978181818,698263.1900000001,1226.6702059999998,2,55,0.2727272727272727,Extreme Greed,80.0
243,2024-11-16,47.75037774137931,146473.22,8650.248405862068,4,58,0.46551724137931033,Extreme Greed,86.0
244,2024-11-17,14.703337800000002,289342.87,1654.2901428333332,3,60,0.5666666666666667,Extreme Greed,90.0
245,2024-11-18,26.61472122142857,609380.3099999999,7725.491580285716,4,140,0.37857142857142856,Extreme Greed,83.0
246,2024-11-19,18.12803600613497,318868.97,3087.8326992638035,4,163,0.5153374233128835,Extreme Greed,90.0
247,2024-11-20,14.158904686868688,1023552.07,119648.26369575757,5,297,0.18181818181818182,Extreme Greed,83.0
248,2024-11-21,6.677044577075098,257480.07,50265.80804608696,4,253,0.1857707509881423,Extreme Greed,82.0
249,2024-11-22,-51.616620999999995,1030603.71,47713.89463945869,6,351,0.3561253561253561,Extreme Greed,94.0
250,2024-11-23,19.80815226027397,238646.85,38422.288656506855,3,146,0.5821917808219178,Extreme Greed,93.0
251,2024-11-24,15.78438586440678,208853.4,21428.503058135593,3,59,0.7796610169491526,Extreme Greed,80.0
252,2024-11-25,39.37705473913043,347320.58999999997,43097.70724304347,2,138,0.4782608695652174,Extreme Greed,82.0
253,2024-11-26,8.606733488188976,332966.64,29586.232834566927,2,127,0.3937007874015748,Extreme Greed,79.0
254,2024-11-27,-20.82099221875,1159628.37,5027.0300934375,2,128,0.2265625,Extreme Greed,75.0
255,2024-11-28,-557.3482437938596,1655073.7,509.0554771929825,4,228,0.6008771929824561,Extreme Greed,77.0
256,2024-11-29,14.068733575757577,104512.31,684.3151009090909,4,66,0.42424242424242425,Extreme Greed,78.0
257,2024-11-30,19.815249596153844,171549.68,1139.3467792307695,4,52,0.7307692307692307,Extreme Greed,84.0
258,2024-12-01,13.883979508928572,445144.79,4684.472030625,3,112,0.6875,Extreme Greed,81.0
259,2024-12-02,195.3254939325843,222235.69,7284.357125842698,4,89,0.4943820224719101,Extreme Greed,80.0
260,2024-12-03,99.70538599019608,448035.43,12049.764635,5,102,0.24509803921568626,Extreme Greed,76.0
261,2024-12-04,117.79948735135136,151628.66,437371.6592348648,5,74,0.5675675675675675,Extreme Greed,78.0
262,2024-12-05,41.4961551402439,377486.7,1085.953974695122,5,164,0.7804878048780488,Extreme Greed,84.0
263,2024-12-06,-1555.154133101852,2187161.72,1104.0212273148147,5,108,0.8425925925925926,Greed,72.0
264,2024-12-07,38.31306368539326,247129.15000000002,47722.178706067425,3,89,1.0,Extreme Greed,75.0
265,2024-12-08,6.449725272727273,117777.93,10849.638365454543,4,55,0.9636363636363636,Extreme Greed,79.0
266,2024-12-09,23.369019753012047,286448.11,1036.3866873493976,6,166,0.9216867469879518,Extreme Greed,78.0
267,2024-12-10,29.504358999999997,470778.34,24504.90627757485,5,334,0.6047904191616766,Extreme Greed,78.0
268,2024-12-11,98.21403840853658,622218.21,5429.471132987805,7,164,0.5914634146341463,Greed,74.0
269,2024-12-12,45.445963819209034,840571.25,45809.10809152542,7,177,0.6666666666666666,Extreme Greed,83.0
270,2024-12-13,56.83801651978892,1197443.47,7808.7488686279685,8,379,0.2928759894459103,Extreme Greed,76.0
271,2024-12-14,30.549648795698925,739091.18,2698.6391040322583,5,372,0.16666666666666666,Extreme Greed,83.0
272,2024-12-15,18.311435525252524,602928.75,1132.5297197643097,5,297,0.1111111111111111,Extreme Greed,80.0
273,2024-12-16,19.92541515352697,331588.9,891.5441965975103,4,241,0.2821576763485477,Extreme Greed,83.0
274,2024-12-17,29.50885820601852,733436.59,7035.837276574074,6,432,0.27546296296296297,Extreme Greed,87.0
275,2024-12-18,8.045447210242587,1897751.6199999999,5273.827033504043,6,371,0.5660377358490566,Extreme Greed,81.0
276,2024-12-19,54.5860580802139,1378270.93,97274.62556932264,8,561,0.20855614973262032,Extreme Greed,75.0
277,2024-12-20,141.4413237076923,1802797.82,46162.795327435895,9,585,0.4888888888888889,Greed,74.0
278,2024-12-21,52.36276638317757,1369865.51,779.340138411215,6,214,0.308411214953271,Greed,73.0
279,2024-12-22,1319.0270916653385,1724717.27,783.2035406374503,4,251,0.6772908366533864,Greed,73.0
280,2024-12-23,105.23406223918575,929008.98,27613.772720407127,8,393,0.9033078880407125,Greed,70.0
281,2024-12-24,-27.433389846153844,873376.73,27459.97679673077,6,104,0.6346153846153846,Greed,73.0
282,2024-12-25,6.621041156862745,28985.09,1410.0868152941177,3,51,0.7647058823529411,Greed,73.0
283,2024-12-26,122.44599367105263,853127.06,12166.247415328946,5,152,0.9605263157894737,Extreme Greed,79.0
284,2024-12-27,6.418817854166666,95537.67,6009.982123229166,3,96,0.84375,Greed,74.0
285,2024-12-28,5.8854535625,108333.09999999999,448.47362000000004,4,32,0.78125,Greed,72.0
286,2024-12-29,17.69979374468085,39284.37,1292.5939195744681,4,47,1.0,Greed,73.0
287,2024-12-30,71.77882268141593,449814.89,5486.911452389381,6,113,0.6106194690265486,Greed,65.0
288,2024-12-31,54.89861756565657,382186.29,830565.3976839392,5,99,0.21212121212121213,Greed,64.0
289,2025-01-01,5.3171515000000005,4357.07,1866.3359475,2,24,0.9166666666666666,Greed,66.0
290,2025-01-02,53.92152902919708,354623.12,11248.116480145985,6,137,0.5401459854014599,Greed,70.0
291,2025-01-03,36.86848572992701,318412.32,3316.413554890511,4,137,0.6277372262773723,Greed,74.0
292,2025-01-04,5.71609596923077,16674.399999999998,1118.9989604615384,3,65,0.6615384615384615,Greed,73.0
293,2025-01-05,18.58630175806452,197550.46000000002,9160.289965967744,4,62,0.7903225806451613,Greed,72.0
294,2025-01-06,55.50145335802469,195336.32,135957.07529851852,4,81,0.8148148148148148,Extreme Greed,76.0
295,2025-01-07,32.649810638211385,477458.49,60117.12491841463,4,492,0.9857723577235772,Extreme Greed,78.0
296,2025-01-08,331.42990775949363,1762035.55,23873.913919797465,6,395,0.6734177215189874,Greed,70.0
297,2025-01-09,298.4365708930818,657990.57,16254.858263773584,5,159,0.3584905660377358,Greed,69.0
298,2025-01-10,-19.674035466527194,3709888.98,40963.941091527195,6,478,0.2615062761506276,Neutral,50.0
299,2025-01-11,31.301981219512193,656926.84,1124.7345379268295,5,82,0.2682926829268293,Greed,69.0
300,2025-01-12,4.3797770234541575,1269228.75,235413.8848422388,4,469,0.029850746268656716,Greed,62.0
301,2025-01-13,51.13893690506329,1388118.15,23414.507260126582,5,158,0.20253164556962025,Greed,61.0
302,2025-01-14,46.6139286626506,391925.77,2233.9226786746985,5,83,0.40963855421686746,Greed,63.0
303,2025-01-15,70.41427606250001,885278.9,2941.0851448214285,5,112,0.4375,Greed,70.0
304,2025-01-16,157.38248188095238,1625666.18,1501.6286336507935,5,126,0.4126984126984127,Extreme Greed,75.0
305,2025-01-17,22.870132411764708,498823.89,14063.832753333334,5,102,0.47058823529411764,Extreme Greed,75.0
306,2025-01-18,-2.3960234523809536,1284609.16,16036.411740992064,8,252,0.7182539682539683,Extreme Greed,77.0
307,2025-01-19,258.8648563656958,3027687.32,2013.6172040129445,7,309,0.6051779935275081,Extreme Greed,77.0
308,2025-01-20,118.20519912382234,4176004.77,30879.893864804842,11,743,0.46433378196500674,Extreme Greed,76.0
309,2025-01-21,27.379621776119404,606643.0,7347.449789253731,5,134,0.5597014925373134,Extreme Greed,76.0
310,2025-01-22,70.52804370980392,785999.59,157156.26958972547,7,255,0.36470588235294116,Extreme Greed,84.0
311,2025-01-23,129.04813321514422,2530474.2,68371.91178745193,7,832,0.4651442307692308,Extreme Greed,75.0
312,2025-01-24,26.911828761133602,421459.3,29609.49820623482,6,247,0.29959514170040485,Extreme Greed,75.0
313,2025-01-25,-91.06731053086419,420319.25,11027.396901358024,6,162,0.4691358024691358,Extreme Greed,75.0
314,2025-01-26,226.6116745232558,589127.2,80432.03354651164,5,172,0.6162790697674418,Greed,73.0
315,2025-01-27,91.41059163777089,383359.23,67553.80128814242,5,323,0.5294117647058824,Greed,71.0
316,2025-01-28,25.51896913903743,197437.7,247109.52472224596,5,187,0.3582887700534759,Greed,72.0
317,2025-01-29,66.14121217014926,825958.87,345935.8124592537,4,335,0.8716417910447761,Greed,72.0
318,2025-01-30,31.958453681672022,1501383.78,30999.661127395495,6,311,0.5337620578778135,Greed,70.0
319,2025-01-31,68.88445468127489,1334066.59,72246.77638689241,8,502,0.4163346613545817,Extreme Greed,76.0
320,2025-02-01,111.98876815564202,472870.34,132176.8677171595,8,257,0.7392996108949417,Greed,68.0
321,2025-02-02,541.6842660616438,2114041.43,54310.95091373288,8,292,0.4212328767123288,Greed,60.0
322,2025-02-03,292.9365677707787,10562289.07,70480.6714258705,10,1143,0.3963254593175853,Fear,44.0
323,2025-02-04,553.0840321044776,7447483.98,12698.35232981004,9,737,0.621438263229308,Greed,72.0
324,2025-02-05,158.3863703352601,3013890.31,13322.192281242775,8,346,0.5578034682080925,Neutral,54.0
325,2025-02-06,42.82187970657895,1396355.56,15386.96685036842,9,760,0.5342105263157895,Neutral,49.0
326,2025-02-07,40.52737094069529,1519577.12,1028458.5784193455,8,489,0.13701431492842536,Fear,44.0
327,2025-02-08,7.120795311926606,49359.2,8770.39873211009,4,109,0.08256880733944955,Fear,44.0
328,2025-02-09,480.34219675079873,1971820.42,45763.20248060703,9,313,0.8370607028753994,Neutral,46.0
329,2025-02-10,162.82303877506777,1676910.84,145549.7619508401,8,369,0.3143631436314363,Fear,43.0
330,2025-02-11,44.6663991627907,455518.24,1930.4064011627909,7,86,0.1511627906976744,Neutral,47.0
331,2025-02-12,35.35438500585938,2010514.3599999999,12875.492373671874,9,512,0.255859375,Neutral,46.0
332,2025-02-13,36.96808467486819,1380021.6199999999,471450.5599195254,10,569,0.3268892794376098,Neutral,50.0
333,2025-02-14,40.335173172932336,1222282.1199999999,2708.5540841729326,6,266,0.4849624060150376,Neutral,48.0
334,2025-02-15,108.37983582598038,1136677.99,192752.6005759314,9,408,0.3627450980392157,Neutral,50.0
335,2025-02-16,5.470398797833935,371293.05,868.2805717328519,6,277,0.4693140794223827,Neutral,54.0
336,2025-02-17,8.236962480446927,353577.12,651.0189720111732,5,179,0.2849162011173184,Neutral,51.0
337,2025-02-18,130.39788179160186,1469825.53,708751.9858977917,8,643,0.6189735614307932,Neutral,47.0
338,2025-02-19,22.46488155147059,1027232.38,2355041.539291103,7,408,0.6225490196078431,Fear,44.0
339,2025-02-20,47.074311032224536,2378707.36,149739.25632115384,8,962,0.15176715176715178,Neutral,49.0
340,2025-02-21,112.88215754933876,2159946.07,96672.8733636419,9,983,0.2451678535096643,Greed,55.0
341,2025-02-22,74.25732691017963,1594772.8599999999,271498.23876706586,9,334,0.4940119760479042,Neutral,49.0
342,2025-02-23,46.174475557017544,457514.16,210909.35161671054,8,228,0.5131578947368421,Neutral,50.0
343,2025-02-24,18.7907059775,4390582.8,50309.709803591664,9,2400,0.09375,Neutral,49.0
344,2025-02-25,122.98404467134503,7306750.1,112323.21194688305,12,1710,0.3736842105263158,Fear,25.0
345,2025-02-26,75.84619422666667,4249605.8,72059.67487950303,11,825,0.3393939393939394,Extreme Fear,21.0
346,2025-02-27,-97.82674560103628,1169462.93,6805.288990077719,6,386,0.8963730569948186,Extreme Fear,10.0
347,2025-02-28,661.7063651150443,2353130.62,14402.63236619469,11,339,0.5132743362831859,Extreme Fear,16.0
348,2025-03-01,126.14415438095239,113372.66,916.4597039285715,4,84,0.6666666666666666,Extreme Fear,20.0
349,2025-03-02,287.26188652914794,3278741.52,8749.300464484304,8,223,0.26905829596412556,Fear,26.0
350,2025-03-03,687.1102012765958,5989878.07,14590.35710036954,11,893,0.799552071668533,Fear,33.0
351,2025-03-04,286.5774893619186,2923403.76,21088.350924549417,9,688,0.29505813953488375,Extreme Fear,15.0
352,2025-03-05,215.95339330839568,6633793.75,96359.48899718204,12,1203,0.08063175394846218,Extreme Fear,20.0
353,2025-03-06,46.031333693693696,2910826.49,3688.056556486486,8,333,0.4114114114114114,Fear,25.0
354,2025-03-07,112.31412006813187,10221048.2,36001.8980043956,9,1365,0.12673992673992673,Fear,34.0
355,2025-03-08,106.82023826000001,344255.07,90492.9518117,6,200,0.33,Fear,28.0
356,2025-03-09,33.75340250630631,4535619.06,6435.112333243244,7,555,0.4036036036036036,Fear,27.0
357,2025-03-10,35.83865487037037,6750280.11,13678.621085776016,8,1134,0.004409171075837742,Extreme Fear,20.0
358,2025-03-11,-16.283394909276247,6566975.85,356752.2527271968,10,981,0.32619775739041795,Extreme Fear,24.0
359,2025-03-12,137.84387441630062,9311934.42,150365.21962816495,9,2049,0.10395314787701318,Fear,34.0
360,2025-03-13,34.37182496443515,1404085.07,3130.5287805230123,8,478,0.09414225941422594,Neutral,45.0
361,2025-03-14,35.71600420863683,5570402.77,61614.597567362114,8,1922,0.05254942767950052,Fear,27.0
362,2025-03-15,420.5404345775401,1287128.03,89682.51962315507,7,187,0.7058823529411765,Neutral,46.0
363,2025-03-16,-29.20779144615384,4882150.93,25167.47575497436,8,195,0.5384615384615384,Fear,30.0
364,2025-03-17,61.80057647333333,1520771.68,133489.6734084222,7,450,0.5244444444444445,Fear,32.0
365,2025-03-18,251.44559149180327,1536666.67,19584.949583811474,9,244,0.38934426229508196,Fear,34.0
366,2025-03-19,37.91873382276844,2158289.9,6809.028490426908,9,773,0.12807244501940493,Fear,32.0
367,2025-03-20,24.194409288990826,1037300.73,15225.005664082568,10,436,0.09862385321100918,Neutral,49.0
368,2025-03-21,19.917680154727794,1155524.29,90934.01034573065,5,349,0.0659025787965616,Fear,31.0
369,2025-03-22,37.54187253267974,659529.93,125252.35274859477,7,306,0.7026143790849673,Fear,32.0
370,2025-03-23,98.0215621884058,1195145.66,167471.73560507246,9,138,0.5289855072463768,Fear,30.0
371,2025-03-24,166.96833127536232,2094488.16,15081.824780048308,9,621,0.30434782608695654,Neutral,45.0
372,2025-03-25,82.13053020512821,2862777.85,28815.754706743595,10,390,0.23846153846153847,Neutral,46.0
373,2025-03-26,11.40893535,3674691.97,52681.62503696154,13,1560,0.35512820512820514,Neutral,47.0
374,2025-03-27,241.86853341908713,1303574.87,235919.4839919917,8,241,0.6970954356846473,Fear,40.0
375,2025-03-28,88.62644277192982,513571.83999999997,94264.13448631579,6,228,0.44298245614035087,Fear,44.0
376,2025-03-29,20.305266166073547,1221414.55,97015.78103155398,7,843,0.060498220640569395,Fear,26.0
377,2025-03-30,154.02203762135923,1018129.04,80317.98538359223,6,103,0.20388349514563106,Fear,32.0
378,2025-03-31,37.64793695604396,1277373.68,29530.63903456044,9,182,0.08791208791208792,Fear,34.0
379,2025-04-01,-12.081119857142863,310163.72,114182.61593999997,8,112,0.4017857142857143,Fear,34.0
380,2025-04-02,209.98207425025961,3448152.1,97332.0789848598,10,963,0.06438213914849429,Fear,44.0
381,2025-04-03,-3.731800119873817,2932060.65,65939.97995042587,9,634,0.031545741324921134,Fear,25.0
382,2025-04-04,21.4348378035982,2182773.81,36157.22575731634,10,667,0.11544227886056972,Fear,28.0
383,2025-04-05,180.33236423469387,851887.58,64854.538839234694,7,196,0.061224489795918366,Fear,30.0
384,2025-04-06,141.29668492419825,1232447.69,60486.70499332361,10,343,0.13702623906705538,Fear,34.0
385,2025-04-07,33.44982736371237,5857152.82,100601.06894755017,15,1196,0.39548494983277593,Extreme Fear,23.0
386,2025-04-08,102.90913476705882,4682170.46,7533.33268802353,13,425,0.12705882352941175,Extreme Fear,24.0
387,2025-04-09,31.615705832618026,13730031.64,37216.506211177875,17,2097,0.5288507391511683,Extreme Fear,18.0
388,2025-04-10,119.84755323578467,15548866.95,20284.301498658075,15,1319,0.6595905989385898,Fear,39.0
389,2025-04-11,290.4068729122402,5606292.1,5278.827064180138,12,433,0.4226327944572748,Fear,25.0
390,2025-04-12,607.5124489805389,27463827.99,24442.969072080843,12,668,0.5568862275449101,Fear,43.0
391,2025-04-13,88.75814914442414,4980918.89,18554.51331100548,12,547,0.6416819012797075,Neutral,45.0
392,2025-04-14,117.50564971834625,6810776.92,3154.856510129199,12,387,0.4108527131782946,Fear,31.0
393,2025-04-15,111.81066837306501,11635856.11,5958.766410371517,9,646,0.34055727554179566,Fear,38.0
394,2025-04-16,82.42088630367232,16679190.15,3110.7895195762717,13,708,0.3855932203389831,Fear,29.0
395,2025-04-17,13.907817337142857,905224.58,5881.008846457144,8,350,0.8085714285714286,Fear,30.0
396,2025-04-18,2.6077577846347593,12331767.1,2331.055661460957,7,794,0.628463476070529,Fear,33.0
397,2025-04-19,94.1672985605263,18788477.88,15564.800525960527,7,760,0.718421052631579,Fear,32.0
398,2025-04-20,38.026626651933704,1946711.67,18508.961331574585,8,724,0.988950276243094,Fear,37.0
399,2025-04-21,49.4366649811617,20020678.69,8840.840666703296,10,637,0.43956043956043955,Fear,39.0
400,2025-04-22,45.599474706065315,20008463.37,451940.8163062442,9,1286,0.8468118195956454,Neutral,47.0
401,2025-04-23,-105.40618496632653,19024344.68,1715544.2185504641,14,3920,0.8431122448979592,Greed,72.0
402,2025-04-24,43.64466168965517,17817754.58,34131.39048809018,12,1131,0.3191865605658709,Greed,63.0
403,2025-04-25,26.264016688925082,13285056.97,37183.30876910424,9,614,0.7035830618892508,Greed,60.0
404,2025-04-26,2.3976705962441325,554270.06,317717.4515762442,8,213,0.9765258215962441,Greed,65.0
405,2025-04-27,15.939166748387096,204595.46,197784.61086580646,6,155,0.23225806451612904,Greed,61.0
406,2025-04-28,52.87358523572474,19423574.08,6108.581296808199,5,683,0.2342606149341142,Neutral,54.0
407,2025-04-29,132.49906746432376,17389312.49,10562.240322108626,3,939,0.4952076677316294,Greed,60.0
408,2025-04-30,59.575266754098365,923726.77,25469.9099652459,5,122,0.7459016393442623,Greed,56.0
409,2025-05-01,108.47172049896051,7866811.64,15300.471256216217,8,481,0.48440748440748443,Neutral,53.0
